INSERT INTO library(id, address, title)
VALUES (1, 'Columbia Point', 'John F. Kennedy Presidential Museum & Library'),
       (2, '700 Boylston St', 'Boston Public Library'),
       (3, '10-1/2 Beacon St', 'Boston Athenaeum'),
       (4, '210 Massachusetts Ave', 'The Mary Baker Eddy Library'),
       (5, '99 Newbury St', 'New England Historic Genealogical Society'),
       (6, '771 Commonwealth Avenue', 'Mugar Memorial Library'),
       (7, '365 S Bremen St', 'East Boston Branch of the Boston Public Library');

-- From 1 to 3 reading rooms per library
INSERT INTO reading_room(id, room_name, seats_count, library_id)
VALUES (1, 'Reading room №1', 65, 1),
       (2, 'Reading room №2', 30, 1),
       (3, 'Reading room №3', 11, 1),
       (4, 'Reading room №1', 77, 2),
       (5, 'Reading room №2', 63, 2),
       (6, 'Reading room №3', 0, 2),
       (7, 'Reading room №1', 9, 3),
       (8, 'Reading room №1', 33, 4),
       (9, 'Reading room №1', 82, 5),
       (10, 'Reading room №1', 73, 6),
       (11, 'Reading room №1', 28, 7);

-- From 1 to 2 librarians per reading room
INSERT INTO librarians(id, full_name, reading_room_id)
VALUES (1, 'Shawn Alvarez', 1),
       (2, 'Kimberly Jones', 2),
       (3, 'Teresa Brown', 2),
       (4, 'Tanya Morgan', 3),
       (5, 'John Matthews', 3),
       (6, 'Trevor Lowe', 4),
       (7, 'Jennifer Powell', 5),
       (8, 'Carmen Moyer', 6),
       (9, 'Brian Wilson', 7),
       (10, 'Teresa Smith', 7),
       (11, 'Jane Fields', 8),
       (12, 'Gregory Shepard', 8),
       (13, 'Alejandra Campos', 9),
       (14, 'Ian Vargas', 10),
       (15, 'Dawn Grimes', 10),
       (16, 'Pamela Buchanan', 11),
       (17, 'Matthew Valdez', 11);

-- From 3 to 5 racks, 3 to 9 shelves per reading room
INSERT INTO storage_locations(id, rack_no, shelf_no, reading_room_id)
VALUES (1, 1, 1, 1),
       (2, 2, 1, 1),
       (3, 3, 1, 1),
       (4, 1, 2, 1),
       (5, 2, 2, 1),
       (6, 3, 2, 1),
       (7, 4, 2, 1),
       (8, 1, 3, 1),
       (9, 2, 3, 1),
       (10, 3, 3, 1),
       (11, 4, 3, 1),
       (12, 1, 4, 1),
       (13, 2, 4, 1),
       (14, 3, 4, 1),
       (15, 1, 5, 1),
       (16, 2, 5, 1),
       (17, 3, 5, 1),
       (18, 1, 1, 2),
       (19, 2, 1, 2),
       (20, 3, 1, 2),
       (21, 4, 1, 2),
       (22, 1, 2, 2),
       (23, 2, 2, 2),
       (24, 3, 2, 2),
       (25, 4, 2, 2),
       (26, 1, 3, 2),
       (27, 2, 3, 2),
       (28, 3, 3, 2),
       (29, 4, 3, 2),
       (30, 1, 4, 2),
       (31, 2, 4, 2),
       (32, 3, 4, 2),
       (33, 4, 4, 2),
       (34, 5, 4, 2),
       (35, 1, 1, 3),
       (36, 2, 1, 3),
       (37, 3, 1, 3),
       (38, 4, 1, 3),
       (39, 5, 1, 3),
       (40, 1, 2, 3),
       (41, 2, 2, 3),
       (42, 3, 2, 3),
       (43, 1, 3, 3),
       (44, 2, 3, 3),
       (45, 3, 3, 3),
       (46, 1, 4, 3),
       (47, 2, 4, 3),
       (48, 3, 4, 3),
       (49, 4, 4, 3),
       (50, 5, 4, 3),
       (51, 1, 5, 3),
       (52, 2, 5, 3),
       (53, 3, 5, 3),
       (54, 4, 5, 3),
       (55, 1, 6, 3),
       (56, 2, 6, 3),
       (57, 3, 6, 3),
       (58, 4, 6, 3),
       (59, 1, 7, 3),
       (60, 2, 7, 3),
       (61, 3, 7, 3),
       (62, 1, 1, 4),
       (63, 2, 1, 4),
       (64, 3, 1, 4),
       (65, 4, 1, 4),
       (66, 1, 2, 4),
       (67, 2, 2, 4),
       (68, 3, 2, 4),
       (69, 4, 2, 4),
       (70, 5, 2, 4),
       (71, 1, 3, 4),
       (72, 2, 3, 4),
       (73, 3, 3, 4),
       (74, 1, 4, 4),
       (75, 2, 4, 4),
       (76, 3, 4, 4),
       (77, 4, 4, 4),
       (78, 1, 1, 5),
       (79, 2, 1, 5),
       (80, 3, 1, 5),
       (81, 4, 1, 5),
       (82, 5, 1, 5),
       (83, 1, 2, 5),
       (84, 2, 2, 5),
       (85, 3, 2, 5),
       (86, 1, 3, 5),
       (87, 2, 3, 5),
       (88, 3, 3, 5),
       (89, 1, 4, 5),
       (90, 2, 4, 5),
       (91, 3, 4, 5),
       (92, 4, 4, 5),
       (93, 5, 4, 5),
       (94, 1, 5, 5),
       (95, 2, 5, 5),
       (96, 3, 5, 5),
       (97, 1, 6, 5),
       (98, 2, 6, 5),
       (99, 3, 6, 5),
       (100, 4, 6, 5),
       (101, 1, 1, 6),
       (102, 2, 1, 6),
       (103, 3, 1, 6),
       (104, 4, 1, 6),
       (105, 1, 2, 6),
       (106, 2, 2, 6),
       (107, 3, 2, 6),
       (108, 1, 3, 6),
       (109, 2, 3, 6),
       (110, 3, 3, 6),
       (111, 4, 3, 6),
       (112, 1, 1, 7),
       (113, 2, 1, 7),
       (114, 3, 1, 7),
       (115, 4, 1, 7),
       (116, 1, 2, 7),
       (117, 2, 2, 7),
       (118, 3, 2, 7),
       (119, 4, 2, 7),
       (120, 5, 2, 7),
       (121, 1, 3, 7),
       (122, 2, 3, 7),
       (123, 3, 3, 7),
       (124, 4, 3, 7),
       (125, 5, 3, 7),
       (126, 1, 1, 8),
       (127, 2, 1, 8),
       (128, 3, 1, 8),
       (129, 4, 1, 8),
       (130, 5, 1, 8),
       (131, 1, 2, 8),
       (132, 2, 2, 8),
       (133, 3, 2, 8),
       (134, 4, 2, 8),
       (135, 1, 3, 8),
       (136, 2, 3, 8),
       (137, 3, 3, 8),
       (138, 4, 3, 8),
       (139, 1, 4, 8),
       (140, 2, 4, 8),
       (141, 3, 4, 8),
       (142, 4, 4, 8),
       (143, 1, 1, 9),
       (144, 2, 1, 9),
       (145, 3, 1, 9),
       (146, 4, 1, 9),
       (147, 1, 2, 9),
       (148, 2, 2, 9),
       (149, 3, 2, 9),
       (150, 1, 3, 9),
       (151, 2, 3, 9),
       (152, 3, 3, 9),
       (153, 1, 4, 9),
       (154, 2, 4, 9),
       (155, 3, 4, 9),
       (156, 1, 5, 9),
       (157, 2, 5, 9),
       (158, 3, 5, 9),
       (159, 4, 5, 9),
       (160, 1, 6, 9),
       (161, 2, 6, 9),
       (162, 3, 6, 9),
       (163, 4, 6, 9),
       (164, 1, 7, 9),
       (165, 2, 7, 9),
       (166, 3, 7, 9),
       (167, 4, 7, 9),
       (168, 1, 8, 9),
       (169, 2, 8, 9),
       (170, 3, 8, 9),
       (171, 4, 8, 9),
       (172, 1, 1, 10),
       (173, 2, 1, 10),
       (174, 3, 1, 10),
       (175, 4, 1, 10),
       (176, 1, 2, 10),
       (177, 2, 2, 10),
       (178, 3, 2, 10),
       (179, 4, 2, 10),
       (180, 5, 2, 10),
       (181, 1, 3, 10),
       (182, 2, 3, 10),
       (183, 3, 3, 10),
       (184, 4, 3, 10),
       (185, 1, 4, 10),
       (186, 2, 4, 10),
       (187, 3, 4, 10),
       (188, 1, 5, 10),
       (189, 2, 5, 10),
       (190, 3, 5, 10),
       (191, 4, 5, 10),
       (192, 1, 6, 10),
       (193, 2, 6, 10),
       (194, 3, 6, 10),
       (195, 1, 1, 11),
       (196, 2, 1, 11),
       (197, 3, 1, 11),
       (198, 1, 2, 11),
       (199, 2, 2, 11),
       (200, 3, 2, 11),
       (201, 4, 2, 11),
       (202, 5, 2, 11),
       (203, 1, 3, 11),
       (204, 2, 3, 11),
       (205, 3, 3, 11),
       (206, 4, 3, 11),
       (207, 1, 4, 11),
       (208, 2, 4, 11),
       (209, 3, 4, 11);

INSERT INTO publication_formats(id, name)
VALUES (1, 'Book'),
       (2, 'Journal'),
       (3, 'Paper');

INSERT INTO publications(id, item_no, title, publisher, language, pages, publication_date, count, format_id)
VALUES (1, 'z4xojmcp46', 'Don Quixote', 'Penguin Classics', 'English', 1072, '2003-02-25', 51, 1),
       (2, 'c35cakdro7', '1984', 'Signet Classic', 'English', 328, '1961-01-01', 17, 1),
       (3, '2ioi284h3h', 'Annals of Mathematics Volume 158 Number 1', 'Princeton University', 'English', 354,
        '2003-07-01', 5, 2),
       (4, '7kit2r0ll3', 'The New York Times Thursday, February 24, 2022', 'A. G. Sulzberger', 'English', 53,
        '2022-02-24', 1000, 3),
       (5, 'p4a6qofm2a', 'Crime and Punishment', 'AST', 'Russian', 672, '2015-01-01', 113, 1),
       (6, '6yjrilvh0e', 'Nature Volume 576 Issue 7787', 'Nature Research', 'English', 123, '2019-12-19', 2, 2),
       (7, '9kuytztj7h', 'Complete collection of Pushkin''s poems', 'Eksmo', 'Russian', 768, '2011-01-01', 3, 1);

INSERT INTO book_publications_format(id, format, isbn)
VALUES (1, 'Fiction', '978-0142437230'),
       (2, 'Fiction', '978-0451524935'),
       (5, 'Fiction', '978-5170906307'),
       (7, 'Collection of poems', '978-5699522293');

INSERT INTO journal_publications_format(id, discipline, editor, frequency)
VALUES (3, 'Mathemathics', 'Nick Katz', '2 months'),
       (6, 'Natural Sciences', 'Magdalena Skipper', '1 week');

INSERT INTO paper_publications_format(id, category, editor, frequency)
VALUES (4, 'Newspaper', 'Dean Baquet', '1 day');

INSERT INTO publications_flow_history(id, librarian_id, publication_id, count, timestamp_)
VALUES (1, 3, 1, 51, TO_TIMESTAMP('2015-03-15 9:30', 'YYYY-MM-DD HH24:MI')),
       (2, 14, 2, 17, TO_TIMESTAMP('2015-03-16 9:30', 'YYYY-MM-DD HH24:MI')),
       (3, 17, 3, 5, TO_TIMESTAMP('2015-03-17 9:30', 'YYYY-MM-DD HH24:MI')),
       (4, 12, 4, 1000, TO_TIMESTAMP('2015-03-18 9:30', 'YYYY-MM-DD HH24:MI')),
       (5, 10, 5, 113, TO_TIMESTAMP('2015-03-19 9:30', 'YYYY-MM-DD HH24:MI')),
       (6, 7, 6, 2, TO_TIMESTAMP('2015-03-20 9:30', 'YYYY-MM-DD HH24:MI')),
       (7, 14, 7, 3, TO_TIMESTAMP('2015-03-21 9:30', 'YYYY-MM-DD HH24:MI'));

INSERT INTO lending_restrictions(id, name, library_rooms_only, time_limit)
VALUES (1, 'None', false, null),
       (2, 'For library rooms only', true, null),
       (3, 'For a day', false, '1 day'),
       (4, 'For a week', false, '1 week'),
       (5, 'For a month', false, '1 month');

INSERT INTO literacy_work_types(id, name)
VALUES (1, 'Textbook'),
       (2, 'Novel'),
       (3, 'Poem'),
       (4, 'Article'),
       (5, 'Scientific');

INSERT INTO literary_works(id, title, type_id)
VALUES (1, 'Don Quixote', 2),
       (2, '1984', 2),
       (3, 'Crime and Punishment', 2),
       (4, 'On the K-theory of of local fields', 5),
       (5, 'Fundamental groups of manifolds with positive isotropic curvature', 5),
       (6, 'Why Apple’s Fight in the Netherlands Matters', 4),
       (7, 'The Complex Truth About American Patriotism', 4),
       (8, 'AI and digital health', 5),
       (9, 'A Winter Evening', 3),
       (10, 'Curious', 3);

INSERT INTO novel_literacy_works_type(id, genre)
VALUES (1, 'Parody'),
       (2, 'Dystopia'),
       (3, 'Psychological');

INSERT INTO poem_literacy_works_type(id, theme)
VALUES (9, 'Nature'),
       (10, 'Friendship');

INSERT INTO article_literacy_works_type(id, theme)
VALUES (6, 'Technology'),
       (7, 'Opinion');

INSERT INTO scientific_literacy_works_type(id, subject)
VALUES (4, 'K-theory'),
       (5, 'Riemannian geometry'),
       (8, 'AI');

INSERT INTO author(id, full_name, nationality, birth_date, death_date)
VALUES (1, 'Unknown', null, null, null),
       (2, 'Miguel de Cervantes', 'Spanish', '1547-09-29', '1616-04-22'),
       (3, 'George Orwell', 'British', '1903-06-25', '1950-01-21'),
       (4, 'Fyodor Dostoyevsky', 'Russian', '1821-11-11', '1881-02-09'),
       (5, 'Alexander Pushkin', 'Russian', '1799-06-06', '1837-02-10'),
       (6, 'Lars Hesselholt', 'Danish', '1966-09-25', null),
       (7, 'Ib Madsen', 'Danish', '1942-04-12', null),
       (8, 'Aliana Fraser', 'Canadian', '1973-05-21', null),
       (9, 'Shira Ovide', 'American', '1993-07-27', null);

INSERT INTO publications_storage_locations(id, publication_id, storage_location_id)
VALUES (1, 1, 1),
       (2, 1, 2),
       (3, 2, 101),
       (4, 3, 112),
       (5, 4, 62),
       (6, 4, 63),
       (7, 4, 64),
       (8, 4, 65),
       (9, 4, 66),
       (10, 4, 67),
       (11, 4, 68),
       (12, 4, 69),
       (13, 4, 70),
       (14, 4, 71),
       (15, 4, 72),
       (16, 4, 73),
       (17, 4, 74),
       (18, 4, 75),
       (19, 4, 76),
       (20, 4, 77),
       (21, 4, 78),
       (22, 4, 79),
       (23, 4, 80),
       (24, 4, 81),
       (25, 5, 35),
       (26, 5, 36),
       (27, 5, 37),
       (28, 6, 18),
       (29, 7, 102);

INSERT INTO publications_literary_works(id, publication_id, literary_work_id)
VALUES (1, 1, 1),
       (2, 2, 2),
       (3, 3, 4),
       (4, 3, 5),
       (5, 4, 6),
       (6, 4, 7),
       (7, 5, 3),
       (8, 6, 8),
       (9, 7, 9),
       (10, 7, 10);

INSERT INTO literary_works_authors(id, literary_work_id, author_id)
VALUES (1, 1, 2),
       (2, 2, 3),
       (3, 3, 4),
       (4, 4, 6),
       (5, 4, 7),
       (6, 5, 8),
       (7, 6, 9),
       (8, 7, 1),
       (9, 8, 1),
       (10, 9, 5),
       (11, 10, 5);

INSERT INTO reader_categories(id, name)
VALUES (1, 'Others'),
       (2, 'Student'),
       (3, 'Teacher'),
       (4, 'Worker'),
       (5, 'Retiree');

INSERT INTO readers(id, full_name, category_id, issue_date, issuer_id, issue_library_id)
VALUES (1, 'Theresa Mcguire', 1, '2022-04-17', 6, 2),
       (2, 'Teresa Carey', 1, '2022-04-20', 6, 2),
       (3, 'Holly Pham', 1, '2022-04-24', 5, 1),
       (4, 'Erin Williams', 1, '2022-04-22', 9, 3),
       (5, 'Joel Brady', 2, '2022-04-30', 14, 6),
       (6, 'Emily Watson', 2, '2022-04-18', 6, 2),
       (7, 'John Knapp', 3, '2022-04-23', 8, 2),
       (8, 'David Cox', 3, '2022-04-26', 5, 1),
       (9, 'Devin Barnes', 3, '2022-04-17', 9, 3),
       (10, 'Paige Smith', 4, '2022-04-29', 14, 6),
       (11, 'Wesley Powell Jr.', 4, '2022-04-30', 5, 1),
       (12, 'Adrian Hamilton', 4, '2022-04-29', 8, 2),
       (13, 'Anne Lewis', 4, '2022-04-23', 7, 2),
       (14, 'Kelli Price', 5, '2022-04-17', 17, 7),
       (15, 'Theresa Todd', 5, '2022-04-27', 16, 7),
       (16, 'Brian Levine', 5, '2022-04-29', 1, 1),
       (17, 'James Smith', 5, '2022-04-26', 5, 1);

INSERT INTO other_readers_category(id)
VALUES (1),
       (2),
       (3),
       (4);

INSERT INTO student_readers_category(id, educational_institution, group_no)
VALUES (5, 'MIT', 19206),
       (6, 'Harvard', 322);

INSERT INTO teacher_readers_category(id, educational_institution)
VALUES (7, 'MIT'),
       (8, 'MIT'),
       (9, 'Harvard');

INSERT INTO worker_readers_category(id, organization)
VALUES (10, 'Boston Dynamics'),
       (11, 'Mixado'),
       (12, 'General Electric'),
       (13, 'State Street');

INSERT INTO retiree_readers_category(id, years_work_experience)
VALUES (14, 19),
       (15, 30),
       (16, 25),
       (17, 33);

INSERT INTO publications_orders_history(id, publication_id, reader_id, lending_restriction_id, given_timestamp,
                                        given_librarian_id, received_timestamp, received_librarian_id)
VALUES (1, 5, 17, 1, TO_TIMESTAMP('2017-03-31 9:30', 'YYYY-MM-DD HH24:MI'), 5,
        TO_TIMESTAMP('2019-03-31 19:30', 'YYYY-MM-DD HH24:MI'), 5),
       (2, 5, 7, 5, TO_TIMESTAMP('2022-04-13 16:30', 'YYYY-MM-DD HH24:MI'), 14, now(), 15),
       (3, 2, 3, 4, TO_TIMESTAMP('2022-05-02 16:30', 'YYYY-MM-DD HH24:MI'), 1, null, null),
       (4, 3, 7, 2, now(), 7, null, null);